섹터,키워드
에너지,석유
에너지,정유
에너지,가스
에너지,천연가스
에너지,LNG
에너지,원유
에너지,셰일가스
에너지,석탄
에너지,광물연료
에너지,에너지기업
에너지,전력연료
에너지,재생에너지
에너지,신재생
에너지,태양광
에너지,풍력
에너지,수소에너지
에너지,지열
에너지,바이오연료
에너지,해상풍력
에너지,원전연료
에너지,에너지안보
에너지,에너지수급
에너지,석유화학연료
에너지,에너지수입
에너지,에너지수출
에너지,전력시장
에너지,에너지정책
에너지,에너지위기
에너지,발전연료
에너지,발전차액지원
에너지,석유수출국
에너지,OPEC
에너지,전기차배터리용에너지
소재,철강
소재,비철금속
소재,알루미늄
소재,구리
소재,니켈
소재,리튬
소재,화학
소재,정밀화학
소재,석유화학
소재,플라스틱
소재,고무
소재,시멘트
소재,건축자재
소재,유리
소재,세라믹
소재,목재
소재,화학섬유
소재,섬유소재
소재,기초소재
소재,양극재
소재,음극재
소재,희토류
소재,배터리소재
소재,광물소재
소재,기초화학
소재,정유화학
소재,탄소섬유
소재,첨단소재
소재,산업소재
소재,포스코
소재,소재혁신
소재,2차전지소재
소재,합금
소재,세라믹분말
소재,반도체소재
산업재,기계
산업재,중공업
산업재,조선
산업재,항공우주
산업재,항공기
산업재,방산
산업재,방위산업
산업재,건설
산업재,토목
산업재,인프라
산업재,교량
산업재,도로
산업재,철도
산업재,항만
산업재,물류
산업재,산업장비
산업재,플랜트
산업재,공작기계
산업재,전기장비
산업재,산업자동화
산업재,로봇
산업재,엘리베이터
산업재,드론
산업재,스마트팩토리
산업재,생산설비
산업재,산업용로봇
산업재,컨테이너
산업재,중장비
산업재,터널
산업재,항공엔진
산업재,위성
산업재,발전플랜트
산업재,항만운영
산업재,중국건설사
산업재,국제물류
산업재,선박
경기소비재,자동차
경기소비재,전기차
경기소비재,가전
경기소비재,의류
경기소비재,패션
경기소비재,화장품
경기소비재,백화점
경기소비재,면세점
경기소비재,호텔
경기소비재,리조트
경기소비재,레저
경기소비재,여행사
경기소비재,온라인쇼핑
경기소비재,이커머스
경기소비재,게임
경기소비재,콘텐츠
경기소비재,영화관
경기소비재,엔터테인먼트
경기소비재,카메라
경기소비재,스포츠용품
경기소비재,가구
경기소비재,모바일게임
경기소비재,명품
경기소비재,럭셔리브랜드
경기소비재,외식
경기소비재,패스트푸드
경기소비재,커피전문점
경기소비재,홈쇼핑
경기소비재,OTT콘텐츠
경기소비재,엔터기업
경기소비재,아이돌
경기소비재,콘서트
경기소비재,테마파크
경기소비재,애니메이션
경기소비재,VR게임
경기소비재,메타버스콘텐츠
필수소비재,식품
필수소비재,가공식품
필수소비재,음료
필수소비재,유제품
필수소비재,곡물
필수소비재,쌀
필수소비재,라면
필수소비재,빵
필수소비재,육류
필수소비재,어패류
필수소비재,주류
필수소비재,맥주
필수소비재,와인
필수소비재,소주
필수소비재,담배
필수소비재,마트
필수소비재,대형마트
필수소비재,편의점
필수소비재,생활용품
필수소비재,세제
필수소비재,화장지
필수소비재,가정용품
필수소비재,제과
필수소비재,제빵
필수소비재,축산물
필수소비재,냉동식품
필수소비재,조미료
필수소비재,슈퍼마켓
필수소비재,유통업체
필수소비재,식료품
필수소비재,식품기업
필수소비재,생필품
필수소비재,농산물가공
필수소비재,비상식량
필수소비재,생활필수품
필수소비재,식품물가
헬스케어,제약
헬스케어,바이오
헬스케어,신약개발
헬스케어,생명과학
헬스케어,임상시험
헬스케어,진단키트
헬스케어,백신
헬스케어,병원
헬스케어,의료
헬스케어,의료기기
헬스케어,바이오테크
헬스케어,헬스케어기업
헬스케어,유전자
헬스케어,세포치료제
헬스케어,항암제
헬스케어,재활치료
헬스케어,원격의료
헬스케어,건강검진
헬스케어,바이오기업
헬스케어,바이오시밀러
헬스케어,치매치료제
헬스케어,감염병치료
헬스케어,헬스케어산업
헬스케어,의료AI
헬스케어,정밀의료
헬스케어,디지털헬스케어
헬스케어,진단장비
헬스케어,의료데이터
헬스케어,건강보험
헬스케어,의약품
금융,은행
금융,증권
금융,보험
금융,카드사
금융,대출
금융,예금
금융,투자은행
금융,자산운용
금융,펀드
금융,연기금
금융,금융지주
금융,핀테크
금융,로보어드바이저
금융,블록체인금융
금융,투자회사
금융,외환
금융,리스크관리
금융,벤처캐피탈
금융,사모펀드
금융,헤지펀드
금융,IB
금융,M&A
금융,IPO
금융,주식거래
금융,채권거래
금융,보험금
금융,지급결제
금융,증권사
금융,투자은행업
금융,은행업
금융,P2P금융
금융,증권거래소
금융,금융규제
금융,금융감독원
정보기술,반도체
정보기술,메모리반도체
정보기술,시스템반도체
정보기술,디스플레이
정보기술,스마트폰
정보기술,소프트웨어
정보기술,클라우드
정보기술,인공지능
정보기술,AI
정보기술,빅데이터
정보기술,사물인터넷
정보기술,IoT
정보기술,IT기업
정보기술,ICT
정보기술,전자부품
정보기술,플랫폼기업
정보기술,모바일앱
정보기술,서버
정보기술,네트워크장비
정보기술,사이버보안
정보기술,핀테크IT
정보기술,로봇SW
정보기술,자율주행
정보기술,GPU
정보기술,칩셋
정보기술,퀀텀컴퓨팅
정보기술,클린테크
정보기술,메타버스
정보기술,AR
정보기술,VR
정보기술,소프트웨어개발
정보기술,데이터센터
정보기술,IT서비스
정보기술,ERP
정보기술,CRM
통신서비스,통신
통신서비스,이동통신
통신서비스,5G
통신서비스,6G
통신서비스,KT
통신서비스,SK텔레콤
통신서비스,LG유플러스
통신서비스,미디어
통신서비스,방송
통신서비스,케이블TV
통신서비스,포털사이트
통신서비스,네이버
통신서비스,카카오
통신서비스,SNS
통신서비스,소셜미디어
통신서비스,게임사
통신서비스,OTT
통신서비스,넷플릭스
통신서비스,디즈니플러스
통신서비스,엔터사
통신서비스,스트리밍
통신서비스,유튜브
통신서비스,광고플랫폼
통신서비스,인터넷기업
통신서비스,검색포털
통신서비스,동영상플랫폼
통신서비스,디지털광고
통신서비스,온라인플랫폼
통신서비스,케이블방송
통신서비스,IPTV
통신서비스,온라인게임
통신서비스,e스포츠
통신서비스,웹툰
통신서비스,웹소설
통신서비스,문화콘텐츠
유틸리티,전력
유틸리티,발전소
유틸리티,수력발전
유틸리티,원자력발전
유틸리티,신재생발전
유틸리티,풍력발전
유틸리티,태양광발전
유틸리티,전력공사
유틸리티,가스
유틸리티,도시가스
유틸리티,상수도
유틸리티,하수도
유틸리티,폐기물처리
유틸리티,열공급
유틸리티,공공서비스
유틸리티,전기요금
유틸리티,수도요금
유틸리티,전력망
유틸리티,스마트그리드
유틸리티,수처리
유틸리티,전기차충전소
유틸리티,환경서비스
유틸리티,재활용
유틸리티,에너지공급
유틸리티,전력설비
유틸리티,전력인프라
유틸리티,공기업
유틸리티,전력안보
부동산,부동산
부동산,아파트
부동산,주택
부동산,오피스텔
부동산,상가
부동산,빌딩
부동산,상업용부동산
부동산,토지
부동산,개발사업
부동산,재개발
부동산,재건축
부동산,임대업
부동산,부동산투자
부동산,리츠
부동산,REITs
부동산,부동산펀드
부동산,부동산개발
부동산,오피스
부동산,주거용부동산
부동산,분양
부동산,임대차
부동산,주택시장
부동산,부동산정책
부동산,전세
부동산,월세
부동산,주거복지
부동산,부동산PF
부동산,도시개발
부동산,스마트시티
부동산,상업용건물
부동산,부동산규제
부동산,부동산금융
